{
  "n_days": 11536,
  "kl_mean": {
    "mean": 0.17976,
    "std": 0.240194,
    "min": 0.0,
    "max": 1.330643,
    "final": 0.0
  },
  "kl_max": {
    "mean": 0.315008,
    "std": 0.325064,
    "min": 0.0,
    "max": 2.050673,
    "final": 0.0
  },
  "vfe_global": {
    "mean": 1.787415,
    "std": 0.101216,
    "min": 1.575766,
    "max": 2.024777,
    "final": 1.72252
  },
  "vfe_tribe_mean": {
    "mean": 1.176,
    "std": 0.399484,
    "min": 0.432618,
    "max": 1.858451,
    "final": 1.125879
  },
  "imi": {
    "mean": 0.132979,
    "std": 0.185149,
    "min": 0.0,
    "max": 0.834556,
    "final": 0.0
  },
  "n_alive": {
    "mean": 18.643204,
    "std": 27.126462,
    "min": 0.0,
    "max": 102.0,
    "final": 0.0
  },
  "n_tribes": {
    "mean": 5.596047,
    "std": 7.916967,
    "min": 1.0,
    "max": 87.0,
    "final": 1.0
  },
  "n_structures": {
    "mean": 145.167042,
    "std": 12.706195,
    "min": 3.0,
    "max": 154.0,
    "final": 149.0
  }
}