{
  "n_days": 38246,
  "kl_mean": {
    "mean": 0.01746,
    "std": 0.020338,
    "min": 0.002425,
    "max": 0.216896,
    "final": 0.027832
  },
  "kl_max": {
    "mean": 0.059467,
    "std": 0.108396,
    "min": 0.003894,
    "max": 1.475225,
    "final": 0.070564
  },
  "vfe_global": {
    "mean": 1.20746,
    "std": 0.389389,
    "min": 7e-06,
    "max": 1.910021,
    "final": 1.743086
  },
  "vfe_tribe_mean": {
    "mean": 0.816306,
    "std": 0.349766,
    "min": 0.0,
    "max": 1.816897,
    "final": 1.53842
  },
  "imi": {
    "mean": 0.244441,
    "std": 0.130693,
    "min": 0.0,
    "max": 0.828505,
    "final": 0.251826
  },
  "n_alive": {
    "mean": 13.761761,
    "std": 14.928218,
    "min": 0.138818,
    "max": 100.0,
    "final": 0.525669
  },
  "n_tribes": {
    "mean": 10.200178,
    "std": 12.639104,
    "min": 3.0,
    "max": 100.0,
    "final": 14.0
  },
  "n_structures": {
    "mean": 152.517963,
    "std": 95.67288,
    "min": 0.0,
    "max": 238.0,
    "final": 8.0
  }
}