{
  "n_days": 32292,
  "kl_mean": {
    "mean": 0.012656,
    "std": 0.015017,
    "min": 0.002425,
    "max": 0.145822,
    "final": 0.048501
  },
  "kl_max": {
    "mean": 0.035957,
    "std": 0.050892,
    "min": 0.003894,
    "max": 0.602703,
    "final": 0.094339
  },
  "vfe_global": {
    "mean": 1.124648,
    "std": 0.36145,
    "min": 7e-06,
    "max": 1.609438,
    "final": 1.32441
  },
  "vfe_tribe_mean": {
    "mean": 0.760348,
    "std": 0.292239,
    "min": 0.0,
    "max": 1.336799,
    "final": 0.80063
  },
  "imi": {
    "mean": 0.227832,
    "std": 0.123006,
    "min": 0.0,
    "max": 0.828505,
    "final": 0.461616
  },
  "n_alive": {
    "mean": 16.180293,
    "std": 15.045332,
    "min": 0.27138,
    "max": 100.0,
    "final": 0.666533
  },
  "n_tribes": {
    "mean": 8.230862,
    "std": 10.091618,
    "min": 3.0,
    "max": 100.0,
    "final": 7.0
  },
  "n_structures": {
    "mean": 178.597609,
    "std": 80.396515,
    "min": 0.0,
    "max": 238.0,
    "final": 5.0
  }
}