{
  "n_days": 36728,
  "kl_mean": {
    "mean": 0.01604,
    "std": 0.018489,
    "min": 0.002425,
    "max": 0.17734,
    "final": 0.034739
  },
  "kl_max": {
    "mean": 0.053744,
    "std": 0.101673,
    "min": 0.003894,
    "max": 1.475225,
    "final": 0.128008
  },
  "vfe_global": {
    "mean": 1.184415,
    "std": 0.380131,
    "min": 7e-06,
    "max": 1.861484,
    "final": 1.770791
  },
  "vfe_tribe_mean": {
    "mean": 0.79592,
    "std": 0.338135,
    "min": 0.0,
    "max": 1.816897,
    "final": 0.920507
  },
  "imi": {
    "mean": 0.240567,
    "std": 0.130714,
    "min": 0.0,
    "max": 0.828505,
    "final": 0.272752
  },
  "n_alive": {
    "mean": 14.304793,
    "std": 14.987748,
    "min": 0.138818,
    "max": 100.0,
    "final": 0.640647
  },
  "n_tribes": {
    "mean": 10.002342,
    "std": 12.859333,
    "min": 3.0,
    "max": 100.0,
    "final": 15.0
  },
  "n_structures": {
    "mean": 158.459568,
    "std": 92.962981,
    "min": 0.0,
    "max": 238.0,
    "final": 8.0
  }
}