{
  "n_days": 34358,
  "kl_mean": {
    "mean": 0.015052,
    "std": 0.018479,
    "min": 0.002425,
    "max": 0.17734,
    "final": 0.038467
  },
  "kl_max": {
    "mean": 0.050146,
    "std": 0.101968,
    "min": 0.003894,
    "max": 1.475225,
    "final": 0.138665
  },
  "vfe_global": {
    "mean": 1.144166,
    "std": 0.359623,
    "min": 7e-06,
    "max": 1.791266,
    "final": 1.791089
  },
  "vfe_tribe_mean": {
    "mean": 0.756977,
    "std": 0.30545,
    "min": 0.0,
    "max": 1.772846,
    "final": 1.17046
  },
  "imi": {
    "mean": 0.236709,
    "std": 0.131184,
    "min": 0.0,
    "max": 0.828505,
    "final": 0.549941
  },
  "n_alive": {
    "mean": 15.249204,
    "std": 15.043425,
    "min": 0.138818,
    "max": 100.0,
    "final": 0.849207
  },
  "n_tribes": {
    "mean": 9.56703,
    "std": 13.171635,
    "min": 3.0,
    "max": 100.0,
    "final": 15.0
  },
  "n_structures": {
    "mean": 168.758397,
    "std": 87.14546,
    "min": 0.0,
    "max": 238.0,
    "final": 13.0
  }
}