{
  "n_days": 34485,
  "kl_mean": {
    "mean": 0.015139,
    "std": 0.018501,
    "min": 0.002425,
    "max": 0.17734,
    "final": 0.038863
  },
  "kl_max": {
    "mean": 0.050468,
    "std": 0.101918,
    "min": 0.003894,
    "max": 1.475225,
    "final": 0.138772
  },
  "vfe_global": {
    "mean": 1.146548,
    "std": 0.361092,
    "min": 7e-06,
    "max": 1.791266,
    "final": 1.791118
  },
  "vfe_tribe_mean": {
    "mean": 0.758197,
    "std": 0.305627,
    "min": 0.0,
    "max": 1.772846,
    "final": 1.044208
  },
  "imi": {
    "mean": 0.237665,
    "std": 0.131942,
    "min": 0.0,
    "max": 0.828505,
    "final": 0.453298
  },
  "n_alive": {
    "mean": 15.196264,
    "std": 15.040925,
    "min": 0.138818,
    "max": 100.0,
    "final": 0.897459
  },
  "n_tribes": {
    "mean": 9.587038,
    "std": 13.151477,
    "min": 3.0,
    "max": 100.0,
    "final": 15.0
  },
  "n_structures": {
    "mean": 168.184776,
    "std": 87.49503,
    "min": 0.0,
    "max": 238.0,
    "final": 13.0
  }
}