{
  "n_days": 33592,
  "kl_mean": {
    "mean": 0.014476,
    "std": 0.018256,
    "min": 0.002425,
    "max": 0.17734,
    "final": 0.034439
  },
  "kl_max": {
    "mean": 0.04791,
    "std": 0.101474,
    "min": 0.003894,
    "max": 1.475225,
    "final": 0.087408
  },
  "vfe_global": {
    "mean": 1.137679,
    "std": 0.360677,
    "min": 7e-06,
    "max": 1.609438,
    "final": 1.563236
  },
  "vfe_tribe_mean": {
    "mean": 0.762944,
    "std": 0.300955,
    "min": 0.0,
    "max": 1.772846,
    "final": 0.782706
  },
  "imi": {
    "mean": 0.23126,
    "std": 0.126818,
    "min": 0.0,
    "max": 0.828505,
    "final": 0.559382
  },
  "n_alive": {
    "mean": 15.577777,
    "std": 15.053982,
    "min": 0.138818,
    "max": 100.0,
    "final": 0.921649
  },
  "n_tribes": {
    "mean": 9.431055,
    "std": 13.285803,
    "min": 3.0,
    "max": 100.0,
    "final": 14.0
  },
  "n_structures": {
    "mean": 172.318707,
    "std": 84.846336,
    "min": 0.0,
    "max": 238.0,
    "final": 13.0
  }
}