{
  "n_days": 36812,
  "kl_mean": {
    "mean": 0.016082,
    "std": 0.018489,
    "min": 0.002425,
    "max": 0.17734,
    "final": 0.034219
  },
  "kl_max": {
    "mean": 0.053883,
    "std": 0.101604,
    "min": 0.003894,
    "max": 1.475225,
    "final": 0.082608
  },
  "vfe_global": {
    "mean": 1.185731,
    "std": 0.380693,
    "min": 7e-06,
    "max": 1.861484,
    "final": 1.741917
  },
  "vfe_tribe_mean": {
    "mean": 0.796984,
    "std": 0.338655,
    "min": 0.0,
    "max": 1.816897,
    "final": 1.491349
  },
  "imi": {
    "mean": 0.240762,
    "std": 0.130662,
    "min": 0.0,
    "max": 0.828505,
    "final": 0.226502
  },
  "n_alive": {
    "mean": 14.273576,
    "std": 14.984863,
    "min": 0.138818,
    "max": 100.0,
    "final": 0.624979
  },
  "n_tribes": {
    "mean": 10.013637,
    "std": 12.846828,
    "min": 3.0,
    "max": 100.0,
    "final": 14.0
  },
  "n_structures": {
    "mean": 158.116239,
    "std": 93.133962,
    "min": 0.0,
    "max": 238.0,
    "final": 8.0
  }
}