{
  "n_days": 38012,
  "kl_mean": {
    "mean": 0.017366,
    "std": 0.020363,
    "min": 0.002425,
    "max": 0.216896,
    "final": 0.032925
  },
  "kl_max": {
    "mean": 0.059139,
    "std": 0.108633,
    "min": 0.003894,
    "max": 1.475225,
    "final": 0.104503
  },
  "vfe_global": {
    "mean": 1.204021,
    "std": 0.388101,
    "min": 7e-06,
    "max": 1.910021,
    "final": 1.739063
  },
  "vfe_tribe_mean": {
    "mean": 0.814258,
    "std": 0.349445,
    "min": 0.0,
    "max": 1.816897,
    "final": 1.557838
  },
  "imi": {
    "mean": 0.244059,
    "std": 0.130933,
    "min": 0.0,
    "max": 0.828505,
    "final": 0.311436
  },
  "n_alive": {
    "mean": 13.842723,
    "std": 14.93828,
    "min": 0.138818,
    "max": 100.0,
    "final": 0.63667
  },
  "n_tribes": {
    "mean": 10.170709,
    "std": 12.672345,
    "min": 3.0,
    "max": 100.0,
    "final": 15.0
  },
  "n_structures": {
    "mean": 153.407608,
    "std": 95.290535,
    "min": 0.0,
    "max": 238.0,
    "final": 8.0
  }
}