{
  "n_days": 36373,
  "kl_mean": {
    "mean": 0.015861,
    "std": 0.018478,
    "min": 0.002425,
    "max": 0.17734,
    "final": 0.033752
  },
  "kl_max": {
    "mean": 0.053073,
    "std": 0.101852,
    "min": 0.003894,
    "max": 1.475225,
    "final": 0.121412
  },
  "vfe_global": {
    "mean": 1.178749,
    "std": 0.377607,
    "min": 7e-06,
    "max": 1.861484,
    "final": 1.773519
  },
  "vfe_tribe_mean": {
    "mean": 0.791992,
    "std": 0.336698,
    "min": 0.0,
    "max": 1.816897,
    "final": 1.042174
  },
  "imi": {
    "mean": 0.239929,
    "std": 0.131066,
    "min": 0.0,
    "max": 0.828505,
    "final": 0.275839
  },
  "n_alive": {
    "mean": 14.438486,
    "std": 14.999193,
    "min": 0.138818,
    "max": 100.0,
    "final": 0.610739
  },
  "n_tribes": {
    "mean": 9.953757,
    "std": 12.912474,
    "min": 3.0,
    "max": 100.0,
    "final": 15.0
  },
  "n_structures": {
    "mean": 159.926209,
    "std": 92.216671,
    "min": 0.0,
    "max": 238.0,
    "final": 8.0
  }
}