{
  "n_days": 35523,
  "kl_mean": {
    "mean": 0.015602,
    "std": 0.018589,
    "min": 0.002425,
    "max": 0.17734,
    "final": 0.041112
  },
  "kl_max": {
    "mean": 0.052303,
    "std": 0.10278,
    "min": 0.003894,
    "max": 1.475225,
    "final": 0.136288
  },
  "vfe_global": {
    "mean": 1.164639,
    "std": 0.370767,
    "min": 7e-06,
    "max": 1.861484,
    "final": 1.739535
  },
  "vfe_tribe_mean": {
    "mean": 0.777169,
    "std": 0.323776,
    "min": 0.0,
    "max": 1.816897,
    "final": 1.516248
  },
  "imi": {
    "mean": 0.238991,
    "std": 0.131884,
    "min": 0.0,
    "max": 0.828505,
    "final": 0.282965
  },
  "n_alive": {
    "mean": 14.769647,
    "std": 15.022187,
    "min": 0.138818,
    "max": 100.0,
    "final": 0.552503
  },
  "n_tribes": {
    "mean": 9.820398,
    "std": 13.036168,
    "min": 3.0,
    "max": 100.0,
    "final": 14.0
  },
  "n_structures": {
    "mean": 163.53844,
    "std": 90.271921,
    "min": 0.0,
    "max": 238.0,
    "final": 8.0
  }
}