{
  "n_days": 27844,
  "kl_mean": {
    "mean": 0.008251,
    "std": 0.009884,
    "min": 0.002425,
    "max": 0.145822,
    "final": 0.005825
  },
  "kl_max": {
    "mean": 0.021676,
    "std": 0.03435,
    "min": 0.003894,
    "max": 0.602703,
    "final": 0.010287
  },
  "vfe_global": {
    "mean": 1.077339,
    "std": 0.365593,
    "min": 7e-06,
    "max": 1.609438,
    "final": 0.640426
  },
  "vfe_tribe_mean": {
    "mean": 0.759857,
    "std": 0.286961,
    "min": 0.0,
    "max": 1.336799,
    "final": 0.082541
  },
  "imi": {
    "mean": 0.207866,
    "std": 0.104428,
    "min": 0.0,
    "max": 0.555426,
    "final": 0.0
  },
  "n_alive": {
    "mean": 18.663159,
    "std": 14.75665,
    "min": 3.0,
    "max": 100.0,
    "final": 3.0
  },
  "n_tribes": {
    "mean": 6.185677,
    "std": 5.040769,
    "min": 3.0,
    "max": 100.0,
    "final": 3.0
  },
  "n_structures": {
    "mean": 205.144088,
    "std": 48.265748,
    "min": 0.0,
    "max": 238.0,
    "final": 238.0
  }
}