{
  "n_days": 27863,
  "kl_mean": {
    "mean": 0.00825,
    "std": 0.009881,
    "min": 0.002425,
    "max": 0.145822,
    "final": 0.00579
  },
  "kl_max": {
    "mean": 0.021668,
    "std": 0.03434,
    "min": 0.003894,
    "max": 0.602703,
    "final": 0.0102
  },
  "vfe_global": {
    "mean": 1.077041,
    "std": 0.365646,
    "min": 7e-06,
    "max": 1.609438,
    "final": 0.640426
  },
  "vfe_tribe_mean": {
    "mean": 0.759395,
    "std": 0.287408,
    "min": 0.0,
    "max": 1.336799,
    "final": 0.082374
  },
  "imi": {
    "mean": 0.207724,
    "std": 0.104534,
    "min": 0.0,
    "max": 0.555426,
    "final": 0.0
  },
  "n_alive": {
    "mean": 18.652478,
    "std": 14.757283,
    "min": 3.0,
    "max": 100.0,
    "final": 3.0
  },
  "n_tribes": {
    "mean": 6.183505,
    "std": 5.039736,
    "min": 3.0,
    "max": 100.0,
    "final": 3.0
  },
  "n_structures": {
    "mean": 205.166493,
    "std": 48.256912,
    "min": 0.0,
    "max": 238.0,
    "final": 238.0
  }
}