{
  "n_days": 32098,
  "kl_mean": {
    "mean": 0.012483,
    "std": 0.014886,
    "min": 0.002425,
    "max": 0.145822,
    "final": 0.036419
  },
  "kl_max": {
    "mean": 0.035485,
    "std": 0.050593,
    "min": 0.003894,
    "max": 0.602703,
    "final": 0.122788
  },
  "vfe_global": {
    "mean": 1.123253,
    "std": 0.362029,
    "min": 7e-06,
    "max": 1.609438,
    "final": 1.381304
  },
  "vfe_tribe_mean": {
    "mean": 0.758822,
    "std": 0.29232,
    "min": 0.0,
    "max": 1.336799,
    "final": 0.8384
  },
  "imi": {
    "mean": 0.225865,
    "std": 0.119794,
    "min": 0.0,
    "max": 0.651537,
    "final": 0.573304
  },
  "n_alive": {
    "mean": 16.273904,
    "std": 15.04232,
    "min": 0.27138,
    "max": 100.0,
    "final": 0.879472
  },
  "n_tribes": {
    "mean": 8.226089,
    "std": 10.121303,
    "min": 3.0,
    "max": 100.0,
    "final": 15.0
  },
  "n_structures": {
    "mean": 179.639168,
    "std": 79.511544,
    "min": 0.0,
    "max": 238.0,
    "final": 13.0
  }
}