{
  "n_days": 41893,
  "kl_mean": {
    "mean": 0.02209,
    "std": 0.028739,
    "min": 0.002425,
    "max": 0.49854,
    "final": 0.060663
  },
  "kl_max": {
    "mean": 0.075263,
    "std": 0.134403,
    "min": 0.003894,
    "max": 1.842878,
    "final": 0.225074
  },
  "vfe_global": {
    "mean": 1.242547,
    "std": 0.392119,
    "min": 7e-06,
    "max": 1.910021,
    "final": 1.739834
  },
  "vfe_tribe_mean": {
    "mean": 0.863202,
    "std": 0.369421,
    "min": 0.0,
    "max": 1.816897,
    "final": 1.514574
  },
  "imi": {
    "mean": 0.252344,
    "std": 0.128823,
    "min": 0.0,
    "max": 0.828505,
    "final": 0.405085
  },
  "n_alive": {
    "mean": 12.614709,
    "std": 14.739389,
    "min": 0.138818,
    "max": 100.0,
    "final": 0.622616
  },
  "n_tribes": {
    "mean": 10.544888,
    "std": 12.130357,
    "min": 3.0,
    "max": 100.0,
    "final": 14.0
  },
  "n_structures": {
    "mean": 139.865371,
    "std": 100.176633,
    "min": 0.0,
    "max": 238.0,
    "final": 8.0
  }
}