{
  "n_days": 33670,
  "kl_mean": {
    "mean": 0.014533,
    "std": 0.018273,
    "min": 0.002425,
    "max": 0.17734,
    "final": 0.045335
  },
  "kl_max": {
    "mean": 0.048111,
    "std": 0.101443,
    "min": 0.003894,
    "max": 1.475225,
    "final": 0.131674
  },
  "vfe_global": {
    "mean": 1.138254,
    "std": 0.360457,
    "min": 7e-06,
    "max": 1.609438,
    "final": 1.385899
  },
  "vfe_tribe_mean": {
    "mean": 0.762183,
    "std": 0.301405,
    "min": 0.0,
    "max": 1.772846,
    "final": 1.006966
  },
  "imi": {
    "mean": 0.231859,
    "std": 0.127306,
    "min": 0.0,
    "max": 0.828505,
    "final": 0.454802
  },
  "n_alive": {
    "mean": 15.5437,
    "std": 15.053155,
    "min": 0.138818,
    "max": 100.0,
    "final": 0.883334
  },
  "n_tribes": {
    "mean": 9.443956,
    "std": 13.273106,
    "min": 3.0,
    "max": 100.0,
    "final": 15.0
  },
  "n_structures": {
    "mean": 171.949629,
    "std": 85.093411,
    "min": 0.0,
    "max": 238.0,
    "final": 13.0
  }
}