{
  "n_days": 36162,
  "kl_mean": {
    "mean": 0.015777,
    "std": 0.018485,
    "min": 0.002425,
    "max": 0.17734,
    "final": 0.033752
  },
  "kl_max": {
    "mean": 0.052753,
    "std": 0.101994,
    "min": 0.003894,
    "max": 1.475225,
    "final": 0.121412
  },
  "vfe_global": {
    "mean": 1.175345,
    "std": 0.376059,
    "min": 7e-06,
    "max": 1.861484,
    "final": 1.773519
  },
  "vfe_tribe_mean": {
    "mean": 0.788907,
    "std": 0.334464,
    "min": 0.0,
    "max": 1.816897,
    "final": 1.022839
  },
  "imi": {
    "mean": 0.239748,
    "std": 0.131352,
    "min": 0.0,
    "max": 0.828505,
    "final": 0.275839
  },
  "n_alive": {
    "mean": 14.519255,
    "std": 15.005462,
    "min": 0.138818,
    "max": 100.0,
    "final": 0.610739
  },
  "n_tribes": {
    "mean": 9.924313,
    "std": 12.944319,
    "min": 3.0,
    "max": 100.0,
    "final": 15.0
  },
  "n_structures": {
    "mean": 160.810824,
    "std": 91.753114,
    "min": 0.0,
    "max": 238.0,
    "final": 8.0
  }
}