{
  "n_days": 45614,
  "kl_mean": {
    "mean": 0.024325,
    "std": 0.029864,
    "min": 0.002425,
    "max": 0.49854,
    "final": 0.127718
  },
  "kl_max": {
    "mean": 0.084675,
    "std": 0.151885,
    "min": 0.003894,
    "max": 2.277614,
    "final": 1.346026
  },
  "vfe_global": {
    "mean": 1.275245,
    "std": 0.393715,
    "min": 7e-06,
    "max": 1.970858,
    "final": 1.970167
  },
  "vfe_tribe_mean": {
    "mean": 0.895568,
    "std": 0.37166,
    "min": 0.0,
    "max": 1.816897,
    "final": 1.636857
  },
  "imi": {
    "mean": 0.254753,
    "std": 0.129425,
    "min": 0.0,
    "max": 0.828505,
    "final": 0.515316
  },
  "n_alive": {
    "mean": 11.636373,
    "std": 14.501855,
    "min": 0.138818,
    "max": 100.0,
    "final": 0.92056
  },
  "n_tribes": {
    "mean": 10.959464,
    "std": 12.362963,
    "min": 3.0,
    "max": 100.0,
    "final": 95.0
  },
  "n_structures": {
    "mean": 129.273491,
    "std": 102.444332,
    "min": 0.0,
    "max": 238.0,
    "final": 90.0
  }
}