{
  "n_days": 34789,
  "kl_mean": {
    "mean": 0.015318,
    "std": 0.018646,
    "min": 0.002425,
    "max": 0.17734,
    "final": 0.038786
  },
  "kl_max": {
    "mean": 0.051359,
    "std": 0.103524,
    "min": 0.003894,
    "max": 1.475225,
    "final": 0.140364
  },
  "vfe_global": {
    "mean": 1.151862,
    "std": 0.363948,
    "min": 7e-06,
    "max": 1.791266,
    "final": 1.791266
  },
  "vfe_tribe_mean": {
    "mean": 0.764699,
    "std": 0.312777,
    "min": 0.0,
    "max": 1.772846,
    "final": 0.922181
  },
  "imi": {
    "mean": 0.238187,
    "std": 0.132157,
    "min": 0.0,
    "max": 0.828505,
    "final": 0.449928
  },
  "n_alive": {
    "mean": 15.068791,
    "std": 15.036494,
    "min": 0.138818,
    "max": 100.0,
    "final": 0.875971
  },
  "n_tribes": {
    "mean": 9.668918,
    "std": 13.125613,
    "min": 3.0,
    "max": 100.0,
    "final": 15.0
  },
  "n_structures": {
    "mean": 166.798988,
    "std": 88.353757,
    "min": 0.0,
    "max": 238.0,
    "final": 13.0
  }
}