{
  "n_days": 35642,
  "kl_mean": {
    "mean": 0.015647,
    "std": 0.018577,
    "min": 0.002425,
    "max": 0.17734,
    "final": 0.030637
  },
  "kl_max": {
    "mean": 0.052439,
    "std": 0.102651,
    "min": 0.003894,
    "max": 1.475225,
    "final": 0.090707
  },
  "vfe_global": {
    "mean": 1.16663,
    "std": 0.371743,
    "min": 7e-06,
    "max": 1.861484,
    "final": 1.736919
  },
  "vfe_tribe_mean": {
    "mean": 0.778883,
    "std": 0.324956,
    "min": 0.0,
    "max": 1.816897,
    "final": 1.469019
  },
  "imi": {
    "mean": 0.239117,
    "std": 0.131734,
    "min": 0.0,
    "max": 0.828505,
    "final": 0.216308
  },
  "n_alive": {
    "mean": 14.722323,
    "std": 15.019361,
    "min": 0.138818,
    "max": 100.0,
    "final": 0.541243
  },
  "n_tribes": {
    "mean": 9.839992,
    "std": 13.018906,
    "min": 3.0,
    "max": 100.0,
    "final": 15.0
  },
  "n_structures": {
    "mean": 163.021127,
    "std": 90.56324,
    "min": 0.0,
    "max": 238.0,
    "final": 8.0
  }
}