{
  "n_days": 33263,
  "kl_mean": {
    "mean": 0.013973,
    "std": 0.01742,
    "min": 0.002425,
    "max": 0.17734,
    "final": 0.036681
  },
  "kl_max": {
    "mean": 0.044142,
    "std": 0.090281,
    "min": 0.003894,
    "max": 1.475225,
    "final": 0.104892
  },
  "vfe_global": {
    "mean": 1.134219,
    "std": 0.360698,
    "min": 7e-06,
    "max": 1.609438,
    "final": 1.38563
  },
  "vfe_tribe_mean": {
    "mean": 0.761125,
    "std": 0.299879,
    "min": 0.0,
    "max": 1.772846,
    "final": 1.086645
  },
  "imi": {
    "mean": 0.230993,
    "std": 0.126611,
    "min": 0.0,
    "max": 0.828505,
    "final": 0.514998
  },
  "n_alive": {
    "mean": 15.726713,
    "std": 15.053193,
    "min": 0.138818,
    "max": 100.0,
    "final": 0.890557
  },
  "n_tribes": {
    "mean": 9.280402,
    "std": 13.253122,
    "min": 3.0,
    "max": 100.0,
    "final": 15.0
  },
  "n_structures": {
    "mean": 173.922226,
    "std": 83.710977,
    "min": 0.0,
    "max": 238.0,
    "final": 13.0
  }
}