{
  "n_days": 33748,
  "kl_mean": {
    "mean": 0.014589,
    "std": 0.018289,
    "min": 0.002425,
    "max": 0.17734,
    "final": 0.038818
  },
  "kl_max": {
    "mean": 0.0483,
    "std": 0.101404,
    "min": 0.003894,
    "max": 1.475225,
    "final": 0.093802
  },
  "vfe_global": {
    "mean": 1.138825,
    "std": 0.360235,
    "min": 7e-06,
    "max": 1.609438,
    "final": 1.384598
  },
  "vfe_tribe_mean": {
    "mean": 0.761426,
    "std": 0.301831,
    "min": 0.0,
    "max": 1.772846,
    "final": 0.983472
  },
  "imi": {
    "mean": 0.232463,
    "std": 0.127805,
    "min": 0.0,
    "max": 0.828505,
    "final": 0.544957
  },
  "n_alive": {
    "mean": 15.509772,
    "std": 15.052264,
    "min": 0.138818,
    "max": 100.0,
    "final": 0.893263
  },
  "n_tribes": {
    "mean": 9.456797,
    "std": 13.260443,
    "min": 3.0,
    "max": 100.0,
    "final": 15.0
  },
  "n_structures": {
    "mean": 171.582257,
    "std": 85.337048,
    "min": 0.0,
    "max": 238.0,
    "final": 13.0
  }
}