{
  "n_days": 42049,
  "kl_mean": {
    "mean": 0.022133,
    "std": 0.028694,
    "min": 0.002425,
    "max": 0.49854,
    "final": 0.039675
  },
  "kl_max": {
    "mean": 0.075419,
    "std": 0.13418,
    "min": 0.003894,
    "max": 1.842878,
    "final": 0.13376
  },
  "vfe_global": {
    "mean": 1.244488,
    "std": 0.392684,
    "min": 7e-06,
    "max": 1.910021,
    "final": 1.740155
  },
  "vfe_tribe_mean": {
    "mean": 0.86427,
    "std": 0.36939,
    "min": 0.0,
    "max": 1.816897,
    "final": 1.538837
  },
  "imi": {
    "mean": 0.252515,
    "std": 0.128642,
    "min": 0.0,
    "max": 0.828505,
    "final": 0.280707
  },
  "n_alive": {
    "mean": 12.57015,
    "std": 14.730133,
    "min": 0.138818,
    "max": 100.0,
    "final": 0.569744
  },
  "n_tribes": {
    "mean": 10.561321,
    "std": 12.110833,
    "min": 3.0,
    "max": 100.0,
    "final": 14.0
  },
  "n_structures": {
    "mean": 139.376156,
    "std": 100.311506,
    "min": 0.0,
    "max": 238.0,
    "final": 8.0
  }
}