{
  "n_days": 35211,
  "kl_mean": {
    "mean": 0.015433,
    "std": 0.018581,
    "min": 0.002425,
    "max": 0.17734,
    "final": 0.03747
  },
  "kl_max": {
    "mean": 0.051673,
    "std": 0.103006,
    "min": 0.003894,
    "max": 1.475225,
    "final": 0.092607
  },
  "vfe_global": {
    "mean": 1.159306,
    "std": 0.368032,
    "min": 7e-06,
    "max": 1.861484,
    "final": 1.762966
  },
  "vfe_tribe_mean": {
    "mean": 0.773903,
    "std": 0.322713,
    "min": 0.0,
    "max": 1.816897,
    "final": 1.407344
  },
  "imi": {
    "mean": 0.238432,
    "std": 0.13226,
    "min": 0.0,
    "max": 0.828505,
    "final": 0.503617
  },
  "n_alive": {
    "mean": 14.89512,
    "std": 15.029079,
    "min": 0.138818,
    "max": 100.0,
    "final": 0.883743
  },
  "n_tribes": {
    "mean": 9.774673,
    "std": 13.084697,
    "min": 3.0,
    "max": 100.0,
    "final": 15.0
  },
  "n_structures": {
    "mean": 164.916645,
    "std": 89.470463,
    "min": 0.0,
    "max": 238.0,
    "final": 13.0
  }
}