{
  "n_days": 30885,
  "kl_mean": {
    "mean": 0.01164,
    "std": 0.014514,
    "min": 0.002425,
    "max": 0.145822,
    "final": 0.038445
  },
  "kl_max": {
    "mean": 0.032637,
    "std": 0.049172,
    "min": 0.003894,
    "max": 0.602703,
    "final": 0.138427
  },
  "vfe_global": {
    "mean": 1.11279,
    "std": 0.36494,
    "min": 7e-06,
    "max": 1.609438,
    "final": 1.386294
  },
  "vfe_tribe_mean": {
    "mean": 0.759734,
    "std": 0.289699,
    "min": 0.0,
    "max": 1.336799,
    "final": 0.261939
  },
  "imi": {
    "mean": 0.21786,
    "std": 0.113091,
    "min": 0.0,
    "max": 0.576107,
    "final": 0.444828
  },
  "n_alive": {
    "mean": 16.885006,
    "std": 15.009179,
    "min": 0.27138,
    "max": 100.0,
    "final": 0.8811
  },
  "n_tribes": {
    "mean": 8.043225,
    "std": 10.268264,
    "min": 3.0,
    "max": 100.0,
    "final": 15.0
  },
  "n_structures": {
    "mean": 186.334175,
    "std": 73.375258,
    "min": 0.0,
    "max": 238.0,
    "final": 13.0
  }
}