{
  "n_days": 37600,
  "kl_mean": {
    "mean": 0.017048,
    "std": 0.020066,
    "min": 0.002425,
    "max": 0.216896,
    "final": 0.065424
  },
  "kl_max": {
    "mean": 0.058053,
    "std": 0.108311,
    "min": 0.003894,
    "max": 1.475225,
    "final": 0.227713
  },
  "vfe_global": {
    "mean": 1.197841,
    "std": 0.385676,
    "min": 7e-06,
    "max": 1.861484,
    "final": 1.743735
  },
  "vfe_tribe_mean": {
    "mean": 0.809587,
    "std": 0.34747,
    "min": 0.0,
    "max": 1.816897,
    "final": 1.454004
  },
  "imi": {
    "mean": 0.243083,
    "std": 0.131,
    "min": 0.0,
    "max": 0.828505,
    "final": 0.214381
  },
  "n_alive": {
    "mean": 13.987519,
    "std": 14.955367,
    "min": 0.138818,
    "max": 100.0,
    "final": 0.646719
  },
  "n_tribes": {
    "mean": 10.118005,
    "std": 12.731502,
    "min": 3.0,
    "max": 100.0,
    "final": 15.0
  },
  "n_structures": {
    "mean": 154.993723,
    "std": 94.592061,
    "min": 0.0,
    "max": 238.0,
    "final": 10.0
  }
}