{
  "n_days": 29912,
  "kl_mean": {
    "mean": 0.010881,
    "std": 0.014089,
    "min": 0.002425,
    "max": 0.145822,
    "final": 0.037308
  },
  "kl_max": {
    "mean": 0.029782,
    "std": 0.047078,
    "min": 0.003894,
    "max": 0.602703,
    "final": 0.135063
  },
  "vfe_global": {
    "mean": 1.103913,
    "std": 0.367381,
    "min": 7e-06,
    "max": 1.609438,
    "final": 1.386256
  },
  "vfe_tribe_mean": {
    "mean": 0.766176,
    "std": 0.286592,
    "min": 0.0,
    "max": 1.336799,
    "final": 0.461065
  },
  "imi": {
    "mean": 0.211866,
    "std": 0.10743,
    "min": 0.0,
    "max": 0.573943,
    "final": 0.54712
  },
  "n_alive": {
    "mean": 17.409576,
    "std": 14.962226,
    "min": 0.27138,
    "max": 100.0,
    "final": 0.857786
  },
  "n_tribes": {
    "mean": 7.834983,
    "std": 10.366672,
    "min": 3.0,
    "max": 100.0,
    "final": 15.0
  },
  "n_structures": {
    "mean": 192.036741,
    "std": 67.280049,
    "min": 0.0,
    "max": 238.0,
    "final": 13.0
  }
}