{
  "n_days": 93,
  "kl_mean": {
    "mean": 0.050759,
    "std": 0.005565,
    "min": 0.01532,
    "max": 0.056004,
    "final": 0.01532
  },
  "kl_max": {
    "mean": 0.210088,
    "std": 0.035364,
    "min": 0.026506,
    "max": 0.246825,
    "final": 0.026506
  },
  "vfe_global": {
    "mean": 1.256808,
    "std": 0.27267,
    "min": 0.636514,
    "max": 1.386294,
    "final": 1.385909
  },
  "vfe_tribe_mean": {
    "mean": 0.994261,
    "std": 0.44629,
    "min": 0.0,
    "max": 1.294922,
    "final": 1.294922
  },
  "imi": {
    "mean": 0.003222,
    "std": 0.0309,
    "min": 0.0,
    "max": 0.2996,
    "final": 0.2996
  },
  "n_alive": {
    "mean": 15.0,
    "std": 0.0,
    "min": 15.0,
    "max": 15.0,
    "final": 15.0
  },
  "n_tribes": {
    "mean": 14.892473,
    "std": 1.031362,
    "min": 5.0,
    "max": 15.0,
    "final": 5.0
  },
  "n_structures": {
    "mean": 0.021505,
    "std": 0.206272,
    "min": 0.0,
    "max": 2.0,
    "final": 2.0
  }
}