{
  "n_days": 38090,
  "kl_mean": {
    "mean": 0.017397,
    "std": 0.020354,
    "min": 0.002425,
    "max": 0.216896,
    "final": 0.030736
  },
  "kl_max": {
    "mean": 0.059238,
    "std": 0.10855,
    "min": 0.003894,
    "max": 1.475225,
    "final": 0.067472
  },
  "vfe_global": {
    "mean": 1.205172,
    "std": 0.388535,
    "min": 7e-06,
    "max": 1.910021,
    "final": 1.726091
  },
  "vfe_tribe_mean": {
    "mean": 0.81492,
    "std": 0.349508,
    "min": 0.0,
    "max": 1.816897,
    "final": 1.458516
  },
  "imi": {
    "mean": 0.244231,
    "std": 0.13089,
    "min": 0.0,
    "max": 0.828505,
    "final": 0.387368
  },
  "n_alive": {
    "mean": 13.81564,
    "std": 14.934949,
    "min": 0.138818,
    "max": 100.0,
    "final": 0.561659
  },
  "n_tribes": {
    "mean": 10.180599,
    "std": 12.661245,
    "min": 3.0,
    "max": 100.0,
    "final": 15.0
  },
  "n_structures": {
    "mean": 153.109845,
    "std": 95.419599,
    "min": 0.0,
    "max": 238.0,
    "final": 8.0
  }
}