{
  "n_days": 186,
  "kl_mean": {
    "mean": 0.050759,
    "std": 0.005566,
    "min": 0.01532,
    "max": 0.056004,
    "final": 0.015321
  },
  "kl_max": {
    "mean": 0.210085,
    "std": 0.035366,
    "min": 0.026506,
    "max": 0.246825,
    "final": 0.026506
  },
  "vfe_global": {
    "mean": 1.25681,
    "std": 0.27267,
    "min": 0.636514,
    "max": 1.386294,
    "final": 1.385909
  },
  "vfe_tribe_mean": {
    "mean": 0.993997,
    "std": 0.446143,
    "min": 0.0,
    "max": 1.294922,
    "final": 1.294922
  },
  "imi": {
    "mean": 0.003222,
    "std": 0.030902,
    "min": 0.0,
    "max": 0.299648,
    "final": 0.299648
  },
  "n_alive": {
    "mean": 15.0,
    "std": 0.0,
    "min": 15.0,
    "max": 15.0,
    "final": 15.0
  },
  "n_tribes": {
    "mean": 14.892473,
    "std": 1.031362,
    "min": 5.0,
    "max": 15.0,
    "final": 5.0
  },
  "n_structures": {
    "mean": 0.021505,
    "std": 0.206272,
    "min": 0.0,
    "max": 2.0,
    "final": 2.0
  }
}