{
  "n_days": 30453,
  "kl_mean": {
    "mean": 0.011353,
    "std": 0.014399,
    "min": 0.002425,
    "max": 0.145822,
    "final": 0.03788
  },
  "kl_max": {
    "mean": 0.031652,
    "std": 0.04869,
    "min": 0.003894,
    "max": 0.602703,
    "final": 0.137215
  },
  "vfe_global": {
    "mean": 1.10892,
    "std": 0.366002,
    "min": 7e-06,
    "max": 1.609438,
    "final": 1.386243
  },
  "vfe_tribe_mean": {
    "mean": 0.759542,
    "std": 0.29031,
    "min": 0.0,
    "max": 1.336799,
    "final": 0.361684
  },
  "imi": {
    "mean": 0.216382,
    "std": 0.11198,
    "min": 0.0,
    "max": 0.576107,
    "final": 0.503808
  },
  "n_alive": {
    "mean": 17.115364,
    "std": 14.989235,
    "min": 0.27138,
    "max": 100.0,
    "final": 0.832569
  },
  "n_tribes": {
    "mean": 7.96227,
    "std": 10.31768,
    "min": 3.0,
    "max": 100.0,
    "final": 15.0
  },
  "n_structures": {
    "mean": 188.853184,
    "std": 70.757065,
    "min": 0.0,
    "max": 238.0,
    "final": 13.0
  }
}